name,age,sex,notes,timestamp
,30,M,,2025-10-15T20:26:37.099383
,30,M,,2025-10-15T20:31:17.530347
2025-10-15T20:46:57,Sneka,22,Female,,,True
2025-10-21T11:18:54,Sneka,21,Female,,,True
2025-10-21T11:41:28,,30,Male,,,True
2025-10-21T11:42:35,,30,Male,,,True
2025-10-21T11:42:42,,30,Male,,,True
2025-10-21T11:44:54,,30,Male,,,True
2025-10-21T11:45:22,Sneka,21,Female,1234567890,,True
2025-10-21T11:56:04,Sneka,21,Female,,,True
2025-10-21T12:07:51,Sneka,30,Female,,,True
2025-10-21T13:01:51.716126,Sneka,30,Female,
2025-10-21T13:15:08.340534,,30,Female,
2025-10-21T13:17:48.880999,,30,Male,
2025-10-21T13:28:55,,30,Male,,
2025-10-21T13:30:33.486989,,30,Male,
2025-10-21T13:37:17.357877,Sneka,21,Female,
2025-10-21T13:41:37.967455,Sneka,30,Female,1234567896,
2025-10-21T13:49:39.975421,Sneka,22,Female,,
2025-10-21T13:53:44.938973,Sneka,22,Female,1234567890,
2025-10-21T14:03:45.780422,Sneka,22,Female,1234567890,
